date,file,metric,value_current_month_kDH,value_year_ago_kDH,monthly_var_pct,annual_var_pct
2023-05-01,INDICATEURS_DES_BANQUES_ET_FENETRES_PARTICIPATIVES_-_05_2023.pdf,Mourabaha_total,2341155825213,749,1.7,20.8
2023-05-01,INDICATEURS_DES_BANQUES_ET_FENETRES_PARTICIPATIVES_-_05_2023.pdf,Mourabaha_immobilière,1461046915651,993,1.0,20.5
2023-05-01,INDICATEURS_DES_BANQUES_ET_FENETRES_PARTICIPATIVES_-_05_2023.pdf,Mourabaha_automobile,11778441234,624,-0.5,2.7
2023-05-01,INDICATEURS_DES_BANQUES_ET_FENETRES_PARTICIPATIVES_-_05_2023.pdf,Mourabaha_équipement,16010191951,672,5.1,82.4
2023-05-01,INDICATEURS_DES_BANQUES_ET_FENETRES_PARTICIPATIVES_-_05_2023.pdf,Salam,104752145,70,-5.2,136.8
2023-05-01,INDICATEURS_DES_BANQUES_ET_FENETRES_PARTICIPATIVES_-_05_2023.pdf,Depot_à_vue,70150867303,492,1.0,26.3
2024-03-01,Indicateurs_des_banques_et_fenêtres_participatives_-_03_2024.pdf,Mourabaha_total,2808698429151,24,1.4,19.1
2024-03-01,Indicateurs_des_banques_et_fenêtres_participatives_-_03_2024.pdf,Mourabaha_immobilière,1734923917901,805,1.1,17.7
2024-03-01,Indicateurs_des_banques_et_fenêtres_participatives_-_03_2024.pdf,Mourabaha_automobile,13384781375,17,0.5,15.4
2024-03-01,Indicateurs_des_banques_et_fenêtres_participatives_-_03_2024.pdf,Mourabaha_équipement,26213402877,36,3.2,54.9
2024-03-01,Indicateurs_des_banques_et_fenêtres_participatives_-_03_2024.pdf,Salam,187705209,241,1.8,78.0
2024-03-01,Indicateurs_des_banques_et_fenêtres_participatives_-_03_2024.pdf,Depot_à_vue,90856509239,682,2.6,28.2
2025-06-01,Indicateurs_des_banques_et_fenêtres_participatives_-_06_2025.pdf,Mourabaha_total,3373880837678,446,2.4,23.0
2025-06-01,Indicateurs_des_banques_et_fenêtres_participatives_-_06_2025.pdf,Mourabaha_immobilière,2056132722653,85,1.9,20.5
2025-06-01,Indicateurs_des_banques_et_fenêtres_participatives_-_06_2025.pdf,Mourabaha_automobile,16214611881,73,3.2,30.0
2025-06-01,Indicateurs_des_banques_et_fenêtres_participatives_-_06_2025.pdf,Mourabaha_équipement,16729012310,647,9.7,75.9
2025-06-01,Indicateurs_des_banques_et_fenêtres_participatives_-_06_2025.pdf,Salam,254493461,827,12.0,95.0
2025-06-01,Indicateurs_des_banques_et_fenêtres_participatives_-_06_2025.pdf,Depot_à_vue,1211643212166,603,2.7,22.7
2025-07-01,Indicateurs_des_banques_et_fenêtres_participatives_-_07_2025.pdf,Mourabaha_total,3373880838333,428,1.7,23.7
2025-07-01,Indicateurs_des_banques_et_fenêtres_participatives_-_07_2025.pdf,Mourabaha_immobilière,2056132722875,723,1.0,20.3
2025-07-01,Indicateurs_des_banques_et_fenêtres_participatives_-_07_2025.pdf,Mourabaha_automobile,16214611953,800,3.9,32.4
2025-07-01,Indicateurs_des_banques_et_fenêtres_participatives_-_07_2025.pdf,Mourabaha_équipement,16729012428,947,5.1,86.7
2025-07-01,Indicateurs_des_banques_et_fenêtres_participatives_-_07_2025.pdf,Salam,254493463,817,0.4,65.0
2025-07-01,Indicateurs_des_banques_et_fenêtres_participatives_-_07_2025.pdf,Depot_à_vue,1211643212346,914,1.5,22.0
2025-09-01,Indicateurs_des_banques_et_fenêtres_participatives_à_fin_-_09_2025.pdf,Mourabaha_total,3373880840262,629,1.7,26.3
2025-09-01,Indicateurs_des_banques_et_fenêtres_participatives_à_fin_-_09_2025.pdf,Mourabaha_immobilière,2056132723737,127,1.7,21.3
2025-09-01,Indicateurs_des_banques_et_fenêtres_participatives_à_fin_-_09_2025.pdf,Mourabaha_automobile,16214612055,12,1.9,35.2
2025-09-01,Indicateurs_des_banques_et_fenêtres_participatives_à_fin_-_09_2025.pdf,Mourabaha_équipement,16729013121,762,2.2,117.9
2025-09-01,Indicateurs_des_banques_et_fenêtres_participatives_à_fin_-_09_2025.pdf,Salam,254493464,31,-1.7,53.0
2025-09-01,Indicateurs_des_banques_et_fenêtres_participatives_à_fin_-_09_2025.pdf,Depot_à_vue,1211643212898,759,0.5,25.3
2025-10-01,Indicateurs_des_banques_et_fenêtres_participatives_à_fin_-_10_2025.pdf,Mourabaha_total,3373880841028,598,1.9,26.5
2025-10-01,Indicateurs_des_banques_et_fenêtres_participatives_à_fin_-_10_2025.pdf,Mourabaha_immobilière,2056132724088,712,1.5,21.7
2025-10-01,Indicateurs_des_banques_et_fenêtres_participatives_à_fin_-_10_2025.pdf,Mourabaha_automobile,16214612114,974,2.9,36.6
2025-10-01,Indicateurs_des_banques_et_fenêtres_participatives_à_fin_-_10_2025.pdf,Mourabaha_équipement,16729013219,523,3.1,110.9
2025-10-01,Indicateurs_des_banques_et_fenêtres_participatives_à_fin_-_10_2025.pdf,Salam,254493451,609,-2.7,54.0
2025-10-01,Indicateurs_des_banques_et_fenêtres_participatives_à_fin_-_10_2025.pdf,Depot_à_vue,1211643212816,146,-0.6,19.9
2025-11-01,Indicateurs_des_banques_et_fenêtres_participatives_à_fin_-_11_2025.pdf,Mourabaha_total,3373880841658,828,1.5,26.5
2025-11-01,Indicateurs_des_banques_et_fenêtres_participatives_à_fin_-_11_2025.pdf,Mourabaha_immobilière,2056132724569,700,2.0,22.2
2025-11-01,Indicateurs_des_banques_et_fenêtres_participatives_à_fin_-_11_2025.pdf,Mourabaha_automobile,16214612173,99,2.7,38.1
2025-11-01,Indicateurs_des_banques_et_fenêtres_participatives_à_fin_-_11_2025.pdf,Mourabaha_équipement,16729013294,258,2.3,109.3
2025-11-01,Indicateurs_des_banques_et_fenêtres_participatives_à_fin_-_11_2025.pdf,Salam,254493427,247,-5.4,49.0
2025-11-01,Indicateurs_des_banques_et_fenêtres_participatives_à_fin_-_11_2025.pdf,Depot_à_vue,1211643212833,660,0.1,19.1
2021-12-01,Indicateurs_publiables_12_2021.pdf,Mourabaha_12,7908717030,655,2.1,41.0
2021-12-01,Indicateurs_publiables_12_2021.pdf,Mourabaha_1,1332811365,159,-0.9,20.5
2021-12-01,Indicateurs_publiables_12_2021.pdf,Mourabaha_267,984860,916,13.9,221.3
2021-12-01,Indicateurs_publiables_12_2021.pdf,Mourabaha_8,55095212104,651,1.8,110.8
2021-12-01,Indicateurs_publiables_12_2021.pdf,Mourabaha_967,5571178,308,-1.1,21.8
2021-12-01,Indicateurs_publiables_12_2021.pdf,Mourabaha_231,250747,759,13.8,223.4
2021-12-01,Indicateurs_publiables_12_2021.pdf,Salam,130020,580,10.8,1483.0
2021-12-01,Indicateurs_publiables_12_2021.pdf,Depot_à_vue,38069115275,435,6.3,38.6
2024-05-01,Indicateurs_à_publier_-05_2024.pdf,Mourabaha_total,2808698430105,110,1.7,19.4
2024-05-01,Indicateurs_à_publier_-05_2024.pdf,Mourabaha_immobilière,1734923918494,657,2.3,18.2
2024-05-01,Indicateurs_à_publier_-05_2024.pdf,Mourabaha_automobile,13384781431,85,3.4,15.9
2024-05-01,Indicateurs_à_publier_-05_2024.pdf,Mourabaha_équipement,26213402974,850,1.5,52.4
2024-05-01,Indicateurs_à_publier_-05_2024.pdf,Salam,187705232,373,13.8,60.0
2024-05-01,Indicateurs_à_publier_-05_2024.pdf,Depot_à_vue,90856509635,786,1.3,31.9
2024-01-01,Indicateurs_à_publier_-_01_2024.pdf,Mourabaha_total,2808698428371,258,1.0,19.9
2024-01-01,Indicateurs_à_publier_-_01_2024.pdf,Mourabaha_immobilière,1734923917474,121,0.7,18.6
2024-01-01,Indicateurs_à_publier_-_01_2024.pdf,Mourabaha_automobile,13384781358,239,1.5,14.1
2024-01-01,Indicateurs_à_publier_-_01_2024.pdf,Mourabaha_équipement,26213402706,725,3.3,59.6
2024-01-01,Indicateurs_à_publier_-_01_2024.pdf,Salam,187705182,924,-2.5,76.0
2024-01-01,Indicateurs_à_publier_-_01_2024.pdf,Depot_à_vue,90856508993,993,-1.0,29.4
2024-02-01,Indicateurs_à_publier_-_02_2024.pdf,Mourabaha_total,2808698428761,965,1.4,19.7
2024-02-01,Indicateurs_à_publier_-_02_2024.pdf,Mourabaha_immobilière,1734923917703,415,1.3,18.8
2024-02-01,Indicateurs_à_publier_-_02_2024.pdf,Mourabaha_automobile,13384781367,847,0.7,13.6
2024-02-01,Indicateurs_à_publier_-_02_2024.pdf,Mourabaha_équipement,26213402787,358,3.0,55.5
2024-02-01,Indicateurs_à_publier_-_02_2024.pdf,Salam,187705205,457,12.3,98.0
2024-02-01,Indicateurs_à_publier_-_02_2024.pdf,Depot_à_vue,90856509005,340,0.1,29.9
2025-02-01,Indicateurs_à_publier_-_02_2025.pdf,Mourabaha_total,3373880834655,918,1.7,20.5
2025-02-01,Indicateurs_à_publier_-_02_2025.pdf,Mourabaha_immobilière,2056132721085,813,1.6,19.1
2025-02-01,Indicateurs_à_publier_-_02_2025.pdf,Mourabaha_automobile,16214611674,33,1.8,22.4
2025-02-01,Indicateurs_à_publier_-_02_2025.pdf,Mourabaha_équipement,16810011801,884,4.2,55.1
2025-02-01,Indicateurs_à_publier_-_02_2025.pdf,Salam,254493384,803,61.8,87.0
2025-02-01,Indicateurs_à_publier_-_02_2025.pdf,Depot_à_vue,1211643212027,50,0.4,33.6
2025-03-01,Indicateurs_à_publier_-_03_2025.pdf,Mourabaha_total,3373880835533,216,2.5,21.9
2025-03-01,Indicateurs_à_publier_-_03_2025.pdf,Mourabaha_immobilière,2056132721489,768,1.9,20.0
2025-03-01,Indicateurs_à_publier_-_03_2025.pdf,Mourabaha_automobile,16214611713,966,2.4,24.7
2025-03-01,Indicateurs_à_publier_-_03_2025.pdf,Mourabaha_équipement,16729011988,232,10.8,67.9
2025-03-01,Indicateurs_à_publier_-_03_2025.pdf,Salam,254493379,893,-1.3,82.0
2025-03-01,Indicateurs_à_publier_-_03_2025.pdf,Depot_à_vue,1211643212010,537,-0.1,30.0
2024-04-01,Indicateurs_à_publier_-_04_2024.pdf,Mourabaha_total,2808698429616,23,1.6,19.4
2024-04-01,Indicateurs_à_publier_-_04_2024.pdf,Mourabaha_immobilière,1734923918079,326,1.0,16.6
2024-04-01,Indicateurs_à_publier_-_04_2024.pdf,Mourabaha_automobile,13384781384,668,0.7,16.1
2024-04-01,Indicateurs_à_publier_-_04_2024.pdf,Mourabaha_équipement,26213402930,315,1.9,55.5
2024-04-01,Indicateurs_à_publier_-_04_2024.pdf,Salam,187705204,131,-2.4,33.0
2024-04-01,Indicateurs_à_publier_-_04_2024.pdf,Depot_à_vue,90856509511,105,2.9,31.6
2025-04-01,Indicateurs_à_publier_-_04_2025.pdf,Mourabaha_total,3373880836179,573,1.8,22.2
2025-04-01,Indicateurs_à_publier_-_04_2025.pdf,Mourabaha_immobilière,2056132721878,69,1.8,21.0
2025-04-01,Indicateurs_à_publier_-_04_2025.pdf,Mourabaha_automobile,16214611776,221,3.6,28.3
2025-04-01,Indicateurs_à_publier_-_04_2025.pdf,Mourabaha_équipement,16729012026,880,1.9,63.7
2025-04-01,Indicateurs_à_publier_-_04_2025.pdf,Salam,254493385,675,1.5,89.0
2025-04-01,Indicateurs_à_publier_-_04_2025.pdf,Depot_à_vue,1211643211701,135,-2.6,23.0
2025-05-01,Indicateurs_à_publier_-_05_2025.pdf,Mourabaha_total,3373880836787,556,1.7,22.2
2025-05-01,Indicateurs_à_publier_-_05_2025.pdf,Mourabaha_immobilière,2056132722223,988,1.6,20.2
2025-05-01,Indicateurs_à_publier_-_05_2025.pdf,Mourabaha_automobile,16214611822,897,2.6,27.4
2025-05-01,Indicateurs_à_publier_-_05_2025.pdf,Mourabaha_équipement,16729012105,722,3.9,66.3
2025-05-01,Indicateurs_à_publier_-_05_2025.pdf,Salam,254493412,479,6.9,78.0
2025-05-01,Indicateurs_à_publier_-_05_2025.pdf,Depot_à_vue,1211643211843,647,1.2,22.9
2023-06-01,Indicateurs_à_publier_-_06_2023.pdf,Mourabaha_total,2341155825788,604,2.3,20.6
2023-06-01,Indicateurs_à_publier_-_06_2023.pdf,Mourabaha_immobilière,1461046915995,780,2.2,20.6
2023-06-01,Indicateurs_à_publier_-_06_2023.pdf,Mourabaha_automobile,11778441254,490,1.6,3.0
2023-06-01,Indicateurs_à_publier_-_06_2023.pdf,Mourabaha_équipement,16010192094,419,7.3,83.3
2023-06-01,Indicateurs_à_publier_-_06_2023.pdf,Salam,104752172,270,18.7,188.0
2023-06-01,Indicateurs_à_publier_-_06_2023.pdf,Depot_à_vue,70150867669,644,5.0,32.2
2024-06-01,Indicateurs_à_publier_-_06_2024.pdf,Mourabaha_total,2808698430639,115,1.8,18.8
2024-06-01,Indicateurs_à_publier_-_06_2024.pdf,Mourabaha_immobilière,1734923918793,511,1.6,17.5
2024-06-01,Indicateurs_à_publier_-_06_2024.pdf,Mourabaha_automobile,13384781447,369,1.1,15.4
2024-06-01,Indicateurs_à_publier_-_06_2024.pdf,Mourabaha_équipement,26213403072,570,3.3,46.7
2024-06-01,Indicateurs_à_publier_-_06_2024.pdf,Salam,187705237,137,2.1,38.0
2024-06-01,Indicateurs_à_publier_-_06_2024.pdf,Depot_à_vue,90856509912,13,2.9,29.2
2023-07-01,Indicateurs_à_publier_-_07_2023.pdf,Mourabaha_total,2341155826089,857,1.2,20.6
2023-07-01,Indicateurs_à_publier_-_07_2023.pdf,Mourabaha_immobilière,1461046916220,791,1.4,19.6
2023-07-01,Indicateurs_à_publier_-_07_2023.pdf,Mourabaha_automobile,11778441268,961,1.2,2.5
2023-07-01,Indicateurs_à_publier_-_07_2023.pdf,Mourabaha_équipement,16010192217,955,5.9,92.7
2023-07-01,Indicateurs_à_publier_-_07_2023.pdf,Salam,104752170,299,-1.1,190.0
2023-07-01,Indicateurs_à_publier_-_07_2023.pdf,Depot_à_vue,70150867718,878,0.6,32.5
2024-07-01,Indicateurs_à_publier_-_07_2024.pdf,Mourabaha_total,2808698430993,535,1.2,18.8
2024-07-01,Indicateurs_à_publier_-_07_2024.pdf,Mourabaha_immobilière,1734923919021,56,1.2,17.3
2024-07-01,Indicateurs_à_publier_-_07_2024.pdf,Mourabaha_automobile,13384781475,409,1.9,16.3
2024-07-01,Indicateurs_à_publier_-_07_2024.pdf,Mourabaha_équipement,26213403105,175,1.1,40.0
2024-07-01,Indicateurs_à_publier_-_07_2024.pdf,Salam,187705280,671,18.4,65.0
2024-07-01,Indicateurs_à_publier_-_07_2024.pdf,Depot_à_vue,908565010120,309,2.1,31.1
2023-08-01,Indicateurs_à_publier_-_08_2023.pdf,Mourabaha_total,2341155826454,480,1.4,19.5
2023-08-01,Indicateurs_à_publier_-_08_2023.pdf,Mourabaha_immobilière,1461046916359,207,0.9,18.9
2023-08-01,Indicateurs_à_publier_-_08_2023.pdf,Mourabaha_automobile,11778441281,513,1.0,1.1
2023-08-01,Indicateurs_à_publier_-_08_2023.pdf,Mourabaha_équipement,16010192328,179,5.0,102.7
2023-08-01,Indicateurs_à_publier_-_08_2023.pdf,Salam,104752188,940,10.9,213.0
2023-08-01,Indicateurs_à_publier_-_08_2023.pdf,Depot_à_vue,70150867895,810,2.3,33.5
2024-08-01,Indicateurs_à_publier_-_08_2024.pdf,Mourabaha_total,2808698431335,948,1.1,18.5
2024-08-01,Indicateurs_à_publier_-_08_2024.pdf,Mourabaha_immobilière,1734923919157,201,0.7,17.1
2024-08-01,Indicateurs_à_publier_-_08_2024.pdf,Mourabaha_automobile,13384781494,240,1.3,16.6
2024-08-01,Indicateurs_à_publier_-_08_2024.pdf,Mourabaha_équipement,26213403171,513,2.1,36.2
2024-08-01,Indicateurs_à_publier_-_08_2024.pdf,Salam,187705297,39,5.8,57.0
2024-08-01,Indicateurs_à_publier_-_08_2024.pdf,Depot_à_vue,908565010266,504,1.4,30.0
2025-08-01,Indicateurs_à_publier_-_08_2025.pdf,Mourabaha_total,3373880839595,833,3.3,26.4
2025-08-01,Indicateurs_à_publier_-_08_2025.pdf,Mourabaha_immobilière,2056132723349,723,2.1,21.9
2025-08-01,Indicateurs_à_publier_-_08_2025.pdf,Mourabaha_automobile,16214612015,954,3.2,34.9
2025-08-01,Indicateurs_à_publier_-_08_2025.pdf,Mourabaha_équipement,16729013053,346,25.2,123.8
2025-08-01,Indicateurs_à_publier_-_08_2025.pdf,Salam,254493472,217,1.8,59.0
2025-08-01,Indicateurs_à_publier_-_08_2025.pdf,Depot_à_vue,1211643212840,923,4.0,25.1
2024-09-01,Indicateurs_à_publier_-_09_2024.pdf,Mourabaha_total,2808698431869,785,1.7,18.9
2024-09-01,Indicateurs_à_publier_-_09_2024.pdf,Mourabaha_immobilière,1734923919561,506,2.1,18.1
2024-09-01,Indicateurs_à_publier_-_09_2024.pdf,Mourabaha_automobile,13384781519,919,1.7,14.3
2024-09-01,Indicateurs_à_publier_-_09_2024.pdf,Mourabaha_équipement,14859731435,8,5.0,5.2
2024-09-01,Indicateurs_à_publier_-_09_2024.pdf,Salam,187705303,256,2.1,75.0
2024-09-01,Indicateurs_à_publier_-_09_2024.pdf,Depot_à_vue,908565010295,59,0.3,30.9
2024-10-01,Indicateurs_à_publier_-_10_2024.pdf,Mourabaha_total,2808698432438,398,1.8,19.1
2024-10-01,Indicateurs_à_publier_-_10_2024.pdf,Mourabaha_immobilière,1734923919799,621,1.2,18.4
2024-10-01,Indicateurs_à_publier_-_10_2024.pdf,Mourabaha_automobile,13384781548,398,1.9,18.8
2024-10-01,Indicateurs_à_publier_-_10_2024.pdf,Mourabaha_équipement,14859731526,621,6.4,0.1
2024-10-01,Indicateurs_à_publier_-_10_2024.pdf,Salam,187705292,314,-3.6,67.0
2024-10-01,Indicateurs_à_publier_-_10_2024.pdf,Depot_à_vue,908565010688,322,3.8,32.0
2024-11-01,Indicateurs_à_publier_-_11_2024.pdf,Mourabaha_total,2808698432943,930,1.6,19.2
2024-11-01,Indicateurs_à_publier_-_11_2024.pdf,Mourabaha_immobilière,1734923920111,710,1.6,18.8
2024-11-01,Indicateurs_à_publier_-_11_2024.pdf,Mourabaha_automobile,13384781573,995,1.7,21.2
2024-11-01,Indicateurs_à_publier_-_11_2024.pdf,Mourabaha_équipement,14859731576,509,3.3,9.6
2024-11-01,Indicateurs_à_publier_-_11_2024.pdf,Salam,187705286,768,-1.9,48.0
2024-11-01,Indicateurs_à_publier_-_11_2024.pdf,Depot_à_vue,908565010776,653,0.8,29.1
2024-12-01,Indicateurs_à_publier_-_12_2024.pdf,Mourabaha_total,2808698433738,808,2.4,20.1
2024-12-01,Indicateurs_à_publier_-_12_2024.pdf,Mourabaha_immobilière,1734923920561,327,2.2,18.5
2024-12-01,Indicateurs_à_publier_-_12_2024.pdf,Mourabaha_automobile,13384781621,461,3.0,21.1
2024-12-01,Indicateurs_à_publier_-_12_2024.pdf,Mourabaha_équipement,10736241681,1,6.6,56.6
2024-12-01,Indicateurs_à_publier_-_12_2024.pdf,Salam,187705254,493,-11.3,36.0
2024-12-01,Indicateurs_à_publier_-_12_2024.pdf,Depot_à_vue,908565012116,432,12.4,33.4
2025-01-01,Indicateurs_à_publier_01_2025.pdf,Mourabaha_total,3373880834078,930,1.0,20.1
2025-01-01,Indicateurs_à_publier_01_2025.pdf,Mourabaha_immobilière,2056132720750,56,0.9,18.7
2025-01-01,Indicateurs_à_publier_01_2025.pdf,Mourabaha_automobile,16214611644,486,1.4,21.1
2025-01-01,Indicateurs_à_publier_01_2025.pdf,Mourabaha_équipement,16810011728,831,2.8,49.1
2025-01-01,Indicateurs_à_publier_01_2025.pdf,Salam,254493237,821,-6.6,30.0
2025-01-01,Indicateurs_à_publier_01_2025.pdf,Depot_à_vue,1211643211975,60,-1.2,33.1
2022-02-01,TDB_Indicateurs_des_banques_participatives_02_2022.pdf,Mourabaha_immobilière,1210465112472,133,1.7,36.9
2022-02-01,TDB_Indicateurs_des_banques_participatives_02_2022.pdf,Mourabaha_automobile,11783081216,799,0.4,20.9
2022-02-01,TDB_Indicateurs_des_banques_participatives_02_2022.pdf,Mourabaha_équipement,747759826,129,5.8,214.9
2022-02-01,TDB_Indicateurs_des_banques_participatives_02_2022.pdf,Salam,2058045,580,121.5,3406.0
2022-02-01,TDB_Indicateurs_des_banques_participatives_02_2022.pdf,Depot_à_vue,52754355311,573,1.1,33.1
2022-03-01,TDB_Indicateurs_des_banques_participatives_03_2022.pdf,Mourabaha_total,1925673120344,124,2.4,36.8
2022-03-01,TDB_Indicateurs_des_banques_participatives_03_2022.pdf,Mourabaha_immobilière,1210465112697,357,1.8,34.2
2022-03-01,TDB_Indicateurs_des_banques_participatives_03_2022.pdf,Mourabaha_automobile,11783081233,787,1.4,19.0
2022-03-01,TDB_Indicateurs_des_banques_participatives_03_2022.pdf,Mourabaha_équipement,747759919,30,11.2,228.6
2022-03-01,TDB_Indicateurs_des_banques_participatives_03_2022.pdf,Salam,2058047,280,3.7,3537.0
2022-03-01,TDB_Indicateurs_des_banques_participatives_03_2022.pdf,Depot_à_vue,52754355465,465,2.9,31.0
