date,murabaha_immobiliere_kDH,murabaha_total_kDH,murabaha_hors_marges_kDH,murabaha_immobiliere_hors_marges_kDH,murabaha_automobile_kDH,murabaha_equipement_kDH,murabaha_matieres_premieres_kDH,depot_vue_kDH,depot_investissement_kDH,credit_habitat_MDH,credit_habitat_participatif_MDH,credit_habitat_participatif_flash_MDH,ipai_global,ipai_residentiel,ipai_appartement,ipai_maison,policy_rate_pct,lending_rate_credits_immobiliers_pct,lending_rate_global_pct,lending_rate_credits_equipement_pct,lending_rate_credits_consommation_pct,murabaha_immobiliere_growth_yoy_pct,murabaha_total_growth_yoy_pct,credit_habitat_growth_yoy_pct,murabaha_immobiliere_MDH,penetration_murabaha_in_habitat_pct
2019-07-01,4560674.0,7174906.0,5058637.0,,475920.0,43.0,,2055618.0,216.0,,,,112.4639111365775,112.4823421844971,111.9332944635698,112.2289376507451,,,,,,,,,4560.674,
2019-08-01,4701685.0,7440867.0,5258487.0,,532236.0,566.0,,2135573.0,66.0,,,,112.4639111365775,112.4823421844971,111.9332944635698,112.2289376507451,,,,,,,,,4701.685,
2019-09-01,4983121.0,7838303.0,5584276.0,,575049.0,106.0,,2188169.0,300.0,,,,112.4639111365775,112.4823421844971,111.9332944635698,112.2289376507451,2.25,,,,,,,,4983.121,
2019-10-01,5261115.0,8262660.0,5906340.0,,617347.0,877.0,,2317610.0,308.0,,,,112.1617222917488,112.2072052789707,111.6846823157556,111.9412563873981,2.25,,,,,,,,5261.115,
2019-11-01,,,,,,,,,,,,,112.1617222917488,112.2072052789707,111.6846823157556,111.9412563873981,2.25,,,,,,,,,
2019-12-01,8185125.0,9100933.0,,5742805.0,813469.0,339.0,,2556647.0,124.0,,,,112.1617222917488,112.2072052789707,111.6846823157556,111.9412563873981,2.25,,,,,,,,8185.125,
2020-01-01,8450331.0,9439253.0,,5936063.0,885196.0,103726.0,,2590384.0,434711.0,,,,110.9456519562494,111.095375956921,110.6741738050788,110.8564096224497,2.25,,,,,,,,8450.331,
2020-02-01,8665871.0,9696444.0,,6097106.0,915912.0,114661.0,,2681567.0,515316.0,,,,110.9456519562494,111.095375956921,110.6741738050788,110.8564096224497,2.25,,,,,,,,8665.871,
2020-03-01,9037657.0,10087136.0,,6363772.0,941422.0,108057.0,,2641495.0,124547.0,,,,110.9456519562494,111.095375956921,110.6741738050788,110.8564096224497,2.0,,,,,,,,9037.657,
2020-04-01,6366499.0,10073343.0,7256245.0,,788601.0,101145.0,,2661127.0,562867.0,,,,105.9972237583797,105.6953377358645,105.5944009224532,105.0148435668434,2.0,,,,,,,,6366.499,
2020-05-01,,,,,,,,,,,,,105.9972237583797,105.6953377358645,105.5944009224532,105.0148435668434,2.0,,,,,,,,,
2020-06-01,6774648.0,10661135.0,7694320.0,,790182.0,129489.0,,2878399.0,610332.0,,,,105.9972237583797,105.6953377358645,105.5944009224532,105.0148435668434,1.5,,,,,,,,6774.648,
2020-07-01,6962885.0,11034957.0,7935751.0,,830445.0,142420.0,,3057128.0,600469.0,,,,111.2695459975985,111.0858733926069,110.619875261129,110.0701468185528,1.5,,,,,52.67228045679213,53.79932503645344,,6962.885,
2020-08-01,7164894.0,11315204.0,8213244.0,,889462.0,158889.0,,3107334.0,689337.0,,,,111.2695459975985,111.0858733926069,110.619875261129,110.0701468185528,1.5,,,,,52.38991978407741,52.068354400098805,,7164.894,
2020-09-01,7474287.0,11810055.0,8562695.0,,903787.0,184620.0,,3214175.0,688030.0,,,,111.2695459975985,111.0858733926069,110.619875261129,110.0701468185528,1.5,,,,,49.9920832747188,50.67107000073867,,7474.287,
2020-10-01,7786919.0,12293085.0,8910482.0,,927196.0,196368.0,,3344145.0,748188.0,,,,113.6710532937872,113.9103267132724,113.2502981439183,113.9741009293826,1.5,,,,,48.008910658672164,48.77878310374626,,7786.919,
2020-11-01,8131971.0,12837464.0,9305334.0,,937773.0,235591.0,,3449317.0,787586.0,,,,113.6710532937872,113.9103267132724,113.2502981439183,113.9741009293826,1.5,,,,,54.56744435352583,55.367206202360975,,8131.971,
2020-12-01,8550952.0,13480352.0,9749760.0,,967557.0,231250.0,,3806911.0,949574.0,,,,113.6710532937872,113.9103267132724,113.2502981439183,113.9741009293826,1.5,,,,,4.469412501336256,48.120549838131986,,8550.952,
2021-01-01,8899456.0,13851008.0,10136328.0,,992169.0,244704.0,,3819801.0,1078639.0,,,,111.9550384067128,111.7269269990814,111.056223141268,112.437823227475,1.5,,,,,5.314880565033486,46.73839126888537,,8899.456,
2021-02-01,12848685.0,14326344.0,10379394.0,9110739.0,1176722.0,300938.0,,3990162.0,1138958.0,,,,111.9550384067128,111.7269269990814,111.056223141268,112.437823227475,1.5,,,,,48.26766980491632,47.7484323118867,,12848.685,
2021-03-01,9458235.0,,,,1037201.0,279674.0,,4171832.0,1211563.0,,,,111.9550384067128,111.7269269990814,111.056223141268,112.437823227475,1.5,,,,,4.653617635632767,42.02588326359435,,9458.235,
2021-04-01,9877690.0,,,,1053442.0,308809.0,,4304981.0,1268802.0,,,,107.6635631913251,108.1091715847937,107.4056938454519,108.492448456459,1.5,,,,,55.15104926585239,42.22035326306273,,9877.69,
2021-05-01,10150632.0,,,,1070770.0,349837.0,,4406962.0,1376924.0,,,,107.6635631913251,108.1091715847937,107.4056938454519,108.492448456459,1.5,,,,,59.438209288967144,42.22035326306273,,10150.632,
2021-06-01,10784744.0,,,,1079098.0,375041.0,,4432461.0,1523502.0,,,,107.6635631913251,108.1091715847937,107.4056938454519,108.492448456459,1.5,,,,,59.19268425459152,34.37916319416272,,10784.744,
2021-07-01,10950941.0,,,,1137941.0,458361.0,,4445790.0,1514553.0,,,,105.0400919785161,105.0111982637012,104.5461414617513,106.7437330268653,1.5,,,,,57.27591364786291,29.826912782714054,,10950.941,
2021-08-01,11122270.0,,,,1145585.0,473367.0,,4581073.0,1551748.0,,,,105.0400919785161,105.0111982637012,104.5461414617513,106.7437330268653,1.5,,,,,55.232861784138045,26.6114512827166,,11122.27,
2021-09-01,,,,,,,,4704296.0,1668751.0,,,,105.0400919785161,105.0111982637012,104.5461414617513,106.7437330268653,1.5,,,,,48.80710360734073,21.3063275319209,,,
2021-10-01,,,,,,,,4916388.0,1694012.0,,,,105.7068489632173,105.7993489628785,105.2944130821784,107.1059831274079,1.5,4.82,4.44,4.56,6.47,42.832742962909975,16.539859603996888,,,
2021-11-01,,,,,,,,4963899.0,1748541.0,,,,105.7068489632173,105.7993489628785,105.2944130821784,107.1059831274079,1.5,4.82,4.44,4.56,6.47,36.77213064335818,11.59792931064889,,,
2021-12-01,,,,,,,,5275435.0,1721623.0,233100000.0,,15900000.0,105.7068489632173,105.7993489628785,105.2944130821784,107.1059831274079,1.5,4.82,4.44,4.56,6.47,30.07054653095935,6.275741167589688,,,
2022-01-01,12267670.0,,,,1211749.0,780731.0,,5255466.0,1758746.0,233100000.0,,15900000.0,105.565391716618,105.7744969051526,105.2934939387979,106.1392269057156,1.5,4.6,4.28,4.3,6.5,37.84741449364994,3.431779116725653,,12267.67,0.005262558733016336
2022-02-01,12472133.0,,,,1216799.0,826129.0,,5311573.0,1687918.0,233100000.0,,15900000.0,105.565391716618,105.7744969051526,105.2934939387979,106.1392269057156,1.5,4.6,4.28,4.3,6.5,-2.9306656673426135,0.0,,12472.133,0.005350264138970715
2022-03-01,17842788.0,20344124.0,14850174.0,12697357.0,1425202.0,1076134.0,,5465465.0,1740839.0,233100000.0,,15900000.0,105.565391716618,105.7744969051526,105.2934939387979,106.1392269057156,1.5,4.6,4.28,4.3,6.5,88.64817801630008,42.00499443542609,,17842.788,0.00765397782795478
2022-04-01,12914148.0,,,,1240974.0,989953.0,,5758054.0,1830061.0,233100000.0,,15900000.0,105.6263293081492,106.0226941096934,105.4866487309301,106.6477371138025,1.5,4.65,4.29,4.56,6.32,30.740567885811366,42.00499443542609,,12914.148,0.005539868113784976
2022-05-01,13007714.0,,,,1239824.0,1005088.0,,5782928.0,1972757.0,233100000.0,,15900000.0,105.6263293081492,106.0226941096934,105.4866487309301,106.6477371138025,1.5,4.65,4.29,4.56,6.32,28.14683854167899,42.00499443542609,,13007.714,0.005580003504548666
2022-06-01,13288733.0,,,,1257972.0,1080903.0,,5800260.0,1951930.0,233100000.0,,15900000.0,105.6263293081492,106.0226941096934,105.4866487309301,106.6477371138025,1.5,4.65,4.29,4.56,6.32,23.217880739681895,42.00499443542609,,13288.733,0.0057005471769653
2022-07-01,13582430.0,,,,1278517.0,1086763.0,,5841801.0,2175205.0,233100000.0,,15900000.0,106.2486893622628,106.5992893414174,106.0111946609518,107.6838194481285,1.5,4.69,4.24,4.14,6.39,24.0297979872232,42.00499443542609,,13582.43,0.005826528792709266
2022-08-01,13758616.0,,,,1267338.0,1148424.0,,5916240.0,2201811.0,233100000.0,,15900000.0,106.2486893622628,106.5992893414174,106.0111946609518,107.6838194481285,1.5,4.69,4.24,4.14,6.39,23.703308767005304,42.00499443542609,,13758.616,0.005902103797598699
2022-09-01,13906056.0,,,,1260685.0,1178975.0,,6007879.0,2332431.0,233100000.0,,15900000.0,106.2486893622628,106.5992893414174,106.0111946609518,107.6838194481285,2.0,4.69,4.24,4.14,6.39,25.028937438130882,42.00499443542609,,13906.056,0.005965348114693512
2022-10-01,14264046.0,,,,1221735.0,1360889.0,,6152128.0,2267583.0,238012.0,14161211.0,15900000.0,106.1748948709661,106.862754004693,106.2437306035055,107.9862740871563,2.0,4.84,4.5,4.4,6.4,28.24761492033552,42.00499443542609,,14264.046,5.654142050410922
2022-11-01,14457187.0,,,,1239046.0,1441830.0,,6389032.0,2272328.0,238012.0,14161211.0,15900000.0,106.1748948709661,106.862754004693,106.2437306035055,107.9862740871563,2.0,4.84,4.5,4.4,6.4,29.984139928270046,42.00499443542609,,14457.187,5.7263174060127975
2022-12-01,14634522.0,,,,1226435.0,1536206.0,,7023120.0,2301109.0,239000000.0,14161211.0,18900000.0,106.1748948709661,106.862754004693,106.2437306035055,107.9862740871563,2.5,4.84,4.5,4.4,6.4,31.578553658560704,42.00499443542609,2.531102531102536,14634.522,0.006122856045725924
2023-01-01,14752476.0,,,,1237662.0,1631476.0,,6920579.0,2368002.0,239000000.0,14161211.0,18900000.0,105.968224507023,106.4495969151751,105.9103897670872,107.0786182269298,2.5,4.79,5.03,4.4,6.95,20.254913932311513,42.00499443542609,2.531102531102536,14752.476,0.006172203115990227
2023-02-01,20608205.0,24040271.0,17913558.0,14932637.0,1441527.0,1990539.0,,6900495.0,2324593.0,239000000.0,14161211.0,18900000.0,105.968224507023,106.4495969151751,105.9103897670872,107.0786182269298,2.5,4.79,5.03,4.4,6.95,65.23400608380298,67.80464715910772,2.531102531102536,20608.205,0.00862193647433322
2023-03-01,20987162.0,24487043.0,18264746.0,15229914.0,1431321.0,2068559.0,,7208337.0,2418109.0,239000000.0,14161211.0,18900000.0,105.968224507023,106.4495969151751,105.9103897670872,107.0786182269298,3.0,4.79,5.03,4.4,6.95,17.62266076355332,20.36420442580864,2.531102531102536,20987.162,0.008780468296608465
2023-04-01,21259338.0,24806846.0,18595182.0,15520847.0,1473398.0,2074110.0,,7228173.0,2471377.0,239000000.0,14161211.0,18900000.0,106.0042396051499,106.4033060534326,105.9045842237604,107.2903473520217,3.0,4.98,5.26,4.74,7.27,64.62052316575588,21.936171840085116,2.531102531102536,21259.338,0.008894329340779335
2023-05-01,,,,,,,,,,239000000.0,14161211.0,18900000.0,106.0042396051499,106.4033060534326,105.9045842237604,107.2903473520217,3.0,4.98,5.26,4.74,7.27,63.43638859218461,21.936171840085116,2.531102531102536,,
2023-06-01,21911046.0,25788604.0,19344689.0,15995780.0,1442745.0,2434813.0,,7669644.0,2530686.0,239000000.0,14161211.0,18900000.0,106.0042396051499,106.4033060534326,105.9045842237604,107.2903473520217,3.0,4.98,5.26,4.74,7.27,64.88438739795586,26.761928898978393,2.531102531102536,21911.046,0.00916696126481191
2023-07-01,22053835.0,26089857.0,19707707.0,16220791.0,1456197.0,2579825.0,,7718878.0,2726537.0,239000000.0,14161211.0,18900000.0,106.0780099871633,106.6582537230376,106.212014038202,106.8307920161156,3.0,5.21,5.36,5.11,7.25,62.37031959671428,28.24271519383188,2.531102531102536,22053.835,0.009226694627611243
2023-08-01,22262011.0,26454480.0,19968899.0,16359207.0,1478888.0,2713581.0,,7895810.0,2777033.0,239000000.0,14161211.0,18900000.0,106.0780099871633,106.6582537230376,106.212014038202,106.8307920161156,3.0,5.21,5.36,5.11,7.25,61.804145126224896,30.034991921991818,2.531102531102536,22262.011,0.009313781407932405
2023-09-01,22475109.0,26797336.0,20280901.0,16557005.0,1526569.0,2795658.0,,7861892.0,2742566.0,239000000.0,14161211.0,18900000.0,106.0780099871633,106.6582537230376,106.212014038202,106.8307920161156,3.0,5.21,5.36,5.11,7.25,61.62101605228687,31.720274610988408,2.531102531102536,22475.109,0.009402927063553671
2023-10-01,22723362.0,27234573.0,20604156.0,16725273.0,1502599.0,3008612.0,,8098717.0,2868184.0,239000000.0,14161211.0,18900000.0,106.2559725579189,106.5683459150107,106.2220763703402,105.8131779603209,3.0,5.14,5.36,4.91,7.18,59.30516488799882,33.86947995401521,100315.10512075022,22723.362,0.00950677897079495
2023-11-01,23115497.0,27644290.0,20805123.0,16933328.0,1512303.0,3016490.0,,8349308.0,2944581.0,239000000.0,14161211.0,18900000.0,106.2559725579189,106.5683459150107,106.2220763703402,105.8131779603209,3.0,5.14,5.36,4.91,7.18,59.88931318381647,35.88341282229699,100315.10512075022,23115.497,0.00967082072875505
2023-12-01,23461416.0,28086984.0,21309057.0,17349239.0,1551535.0,3074033.0,,9085650.0,3001645.0,244000000.0,14161211.0,21600000.0,106.2559725579189,106.5683459150107,106.2220763703402,105.8131779603209,3.0,5.14,5.36,4.91,7.18,60.31556069955683,38.059441635334124,2.092050209205021,23461.416,0.009614409968557922
2024-01-01,23635178.0,28371258.0,21539085.0,17474121.0,1567160.0,3168920.0,,8993993.0,3096135.0,244000000.0,14161211.0,21600000.0,105.7104093121784,105.8608399317106,105.5541642272241,105.3282273514575,3.0,5.05,5.4,5.13,7.22,60.211601089878066,39.456768942226276,2.092050209205021,23635.178,0.009685610159343628
2024-02-01,23923052.0,28761965.0,21858620.0,17703415.0,1578927.0,3259986.0,,9005340.0,3096577.0,244000000.0,14161211.0,21600000.0,105.7104093121784,105.8608399317106,105.5541642272241,105.3282273514575,3.0,5.05,5.4,5.13,7.22,16.0850835868529,19.64076860864006,2.092050209205021,23923.052,0.009803568314448475
2024-03-01,24182328.0,29151024.0,22153858.0,17901805.0,1587595.0,3381101.0,,9239682.0,3238295.0,244000000.0,14161211.0,21600000.0,105.7104093121784,105.8608399317106,105.5541642272241,105.3282273514575,3.0,5.05,5.4,5.13,7.22,15.224383363505755,19.046730142140888,2.092050209205021,24182.328,0.009909808023655554
2024-04-01,24565642.0,29616023.0,22394309.0,18079326.0,1598207.0,3452174.0,,9511105.0,3416331.0,244000000.0,14161211.0,21600000.0,105.836091613151,106.0721635437391,105.7576443488527,105.7871963295649,3.0,5.3,5.43,5.02,7.03,15.552243442387525,19.38649113232693,2.092050209205021,24565.642,0.010066872544315642
2024-05-01,24950155.0,30105110.0,22900592.0,18494657.0,1639591.0,3515364.0,,9635786.0,3384855.0,244000000.0,14161211.0,21600000.0,105.836091613151,106.0721635437391,105.7576443488527,105.7871963295649,3.0,5.3,5.43,5.02,7.03,17.360921586551758,21.35807188064134,2.092050209205021,24950.155,0.010224427864508171
2024-06-01,25348083.0,30639115.0,23313450.0,18793511.0,1665353.0,3625679.0,,9912013.0,3410096.0,244000000.0,14161211.0,21600000.0,105.836091613151,106.0721635437391,105.7576443488527,105.7871963295649,2.75,5.3,5.43,5.02,7.03,15.68632095428033,18.808738154263803,2.092050209205021,25348.083,0.01038747949716207
2024-07-01,25630778.0,30993535.0,23601640.0,19021056.0,1693295.0,3669462.0,,10120309.0,3654267.0,244000000.0,14161211.0,21600000.0,105.8769933935606,106.3187339689451,105.991612868844,106.3239418709322,2.75,5.24,5.21,5.26,7.06,16.219142838422428,18.79534257316933,2.092050209205021,25630.778,0.010503313901201369
2024-08-01,25843167.0,31335948.0,23822954.0,19157201.0,1715873.0,3776908.0,,10266504.0,3652465.0,244000000.0,14161211.0,21600000.0,105.8769933935606,106.3187339689451,105.991612868844,106.3239418709322,2.75,5.24,5.21,5.26,7.06,16.086399382337913,18.452330191332432,2.092050209205021,25843.167,0.010590340213398683
2024-09-01,26287332.0,31869785.0,24318528.0,19561506.0,1748377.0,1716491.0,2117585.0,10295059.0,3645582.0,244000000.0,14161211.0,21600000.0,105.8769933935606,106.3187339689451,105.991612868844,106.3239418709322,2.75,5.24,5.21,5.26,7.06,16.961977803978613,18.928930099618867,2.092050209205021,26287.332,0.010772336164028036
2024-10-01,26661177.0,32438398.0,24717437.0,19799621.0,1784191.0,1834111.0,2158919.0,10688322.0,3543894.0,244000000.0,14161211.0,21600000.0,107.6179214206802,108.3923097035248,107.9517879445427,107.2342784199969,2.75,5.02,5.08,4.99,6.99,17.32936789899311,19.10742276003372,2.092050209205021,26661.177,0.010925518085362743
2024-11-01,27071498.0,32943930.0,25110509.0,20111710.0,1815172.0,1892295.0,2164965.0,10776653.0,3580028.0,244000000.0,14161211.0,21600000.0,107.6179214206802,108.3923097035248,107.9517879445427,107.2342784199969,2.75,5.02,5.08,4.99,6.99,17.11406421415036,19.17083057658562,2.092050209205021,27071.498,0.011093645403281362
2024-12-01,27690629.0,33738808.0,25702378.0,20561327.0,1871542.0,2018735.0,2157902.0,12116432.0,3628358.0,248100000.0,14161211.0,24900000.0,107.6179214206802,108.3923097035248,107.9517879445427,107.2342784199969,2.5,5.02,5.08,4.99,6.99,18.02624786159539,20.122573502373918,1.6803278688524603,27690.629,0.011159830218789635
2025-01-01,27949262.0,34078930.0,25966316.0,20750056.0,1898577.0,2070525.0,2160566.0,11975060.0,3659493.0,248100000.0,14161211.0,24900000.0,105.9721066561808,106.3997939065572,106.1368659600358,106.0159196006746,2.5,5.18,4.98,5.15,7.13,18.25280943515637,20.117796680006215,1.6803278688524603,27949.262,0.011264052309757407
2025-02-01,28402141.0,34655918.0,26390105.0,21085813.0,1936479.0,2169510.0,2147788.0,12027050.0,3559720.0,248100000.0,14161211.0,24900000.0,105.9721066561808,106.3997939065572,106.1368659600358,106.0159196006746,2.5,5.18,4.98,5.15,7.13,18.7228995698375,20.492177777144228,1.6803278688524603,28402.141,0.011446549752035386
2025-03-01,28946592.0,35533216.0,27049584.0,21489768.0,1984134.0,2419684.0,2182806.0,12010537.0,3599227.0,248100000.0,14161211.0,24900000.0,105.9721066561808,106.3997939065572,106.1368659600358,106.0159196006746,2.25,5.18,4.98,5.15,7.13,19.70142824958787,21.893543087886048,1.6803278688524603,28946.592,0.011665947241374083
2025-04-01,29459413.0,36179573.0,27545500.0,21878069.0,2061620.0,2466535.0,2192005.0,11701135.0,3926579.0,248100000.0,14161211.0,24900000.0,106.0250056020373,106.3982684680076,106.1000181927442,105.9893269117089,2.25,5.13,4.84,4.83,6.88,19.92120132663335,22.162158639598562,1.6803278688524603,29459.413,0.01187259790501787
2025-05-01,29914786.0,36787556.0,28021113.0,22223988.0,2118405.0,2560830.0,2193535.0,11843647.0,4094957.0,248100000.0,14161211.0,24900000.0,106.0250056020373,106.3982684680076,106.1000181927442,105.9893269117089,2.25,5.13,4.84,4.83,6.88,19.898197025228903,22.19704893953218,1.6803278688524603,29914.786,0.012056098123356085
2025-06-01,30481380.0,37678446.0,28731379.0,22653085.0,2189036.0,2795898.0,2212132.0,12166603.0,4011788.0,248100000.0,14161211.0,24900000.0,106.0250056020373,106.3982684680076,106.1000181927442,105.9893269117089,2.25,5.13,4.84,4.83,6.88,20.251223731593427,22.974981490163792,1.6803278688524603,30481.38,0.012284415776117092
2025-07-01,30921042.0,38333428.0,29128185.0,22875723.0,2276690.0,2935991.0,2199705.0,12346914.0,4121383.0,248100000.0,14161211.0,24900000.0,107.6783946639198,108.5250916563682,108.1843385454015,106.8850260806275,2.25,5.05,4.85,4.49,6.89,20.640278652485698,23.6820130391709,1.6803278688524603,30921.042,0.012461583534269046
2025-08-01,31362408.0,39595833.0,30296267.0,23349723.0,2365084.0,3660742.0,2207599.0,12840923.0,4105217.0,248100000.0,14161211.0,24900000.0,107.6783946639198,108.5250916563682,108.1843385454015,106.8850260806275,2.25,5.05,4.85,4.49,6.89,21.356674280671562,26.359135520648678,1.6803278688524603,31362.408,0.012639437310802774
2025-09-01,31899150.0,40262629.0,30788862.0,23737127.0,2416960.0,3744892.0,2201627.0,12898759.0,4102643.0,248100000.0,14161211.0,24900000.0,107.6783946639198,108.5250916563682,108.1843385454015,106.8850260806275,2.25,5.05,4.85,4.49,6.89,21.347993778904616,26.334799560147637,1.6803278688524603,31899.15,0.012855723149370817
2025-10-01,32513724.0,41028598.0,31265256.0,24088712.0,2491538.0,3861530.0,2161806.0,12816146.0,4291664.0,248100000.0,14161211.0,24900000.0,108.0951833223422,109.0131304120882,108.6362213255706,107.5379440144514,2.25,5.19,4.82,4.95,6.89,21.951570255131635,26.481579022490575,1.6803278688524603,32513.724,0.013103371062514323
2025-11-01,32997752.0,41658828.0,31875144.0,24569700.0,2560785.0,3948993.0,2151298.0,12833660.0,4623217.0,248100000.0,14161211.0,24900000.0,108.0951833223422,109.0131304120882,108.6362213255706,107.5379440144514,2.25,5.19,4.82,4.95,6.89,21.89111958266956,26.453729108822177,1.6803278688524603,32997.752,0.013298413471383629
2025-12-01,33669356.0,42841377.0,32693110.0,24946593.0,2633910.0,4505404.0,2032707.0,13674385.0,4586303.0,256200000.0,14161211.0,29700000.0,108.0951833223422,109.0131304120882,108.6362213255706,107.5379440144514,2.25,5.19,4.82,4.95,6.89,21.591156343902473,26.979521623881908,3.2648125755743607,33669.356,0.01314009828787225
